City,year,No. Stations
Agartala,2020,1.0
Agartala,2021,1.0
Agartala,2022,1.6685082872928176
Agartala,2023,1.2485380116959064
Agra,2015,1.0
Agra,2016,1.0
Agra,2017,1.0
Agra,2018,1.0
Agra,2019,1.0
Agra,2020,1.0
Agra,2021,2.9825072886297375
Agra,2022,5.487671232876712
Agra,2023,5.8
Ahmedabad,2015,1.0
Ahmedabad,2016,1.0
Ahmedabad,2017,1.0
Ahmedabad,2018,1.0
Ahmedabad,2019,1.0
Ahmedabad,2020,1.0
Ahmedabad,2021,4.82825484764543
Ahmedabad,2022,4.45983379501385
Ahmedabad,2023,7.038356164383561
Aizawl,2020,1.0
Aizawl,2021,1.0
Aizawl,2022,1.0
Aizawl,2023,1.0
Ajmer,2017,1.0
Ajmer,2018,1.0
Ajmer,2019,1.0
Ajmer,2020,1.0
Ajmer,2021,1.0
Ajmer,2022,1.0
Ajmer,2023,1.0
Akola,2023,1.0
Alwar,2017,1.0
Alwar,2018,1.0
Alwar,2019,1.0
Alwar,2020,1.0
Alwar,2021,1.0
Alwar,2022,1.0
Alwar,2023,1.0
Amaravati,2017,1.0
Amaravati,2018,1.0
Amaravati,2019,1.0
Amaravati,2020,1.0
Amaravati,2021,1.0
Amaravati,2022,1.0
Amaravati,2023,1.0
Ambala,2019,1.0
Ambala,2020,1.0
Ambala,2021,1.0
Ambala,2022,1.0
Ambala,2023,1.0
Amravati,2023,1.9952380952380953
Amritsar,2017,1.0
Amritsar,2018,1.0
Amritsar,2019,1.0
Amritsar,2020,1.0
Amritsar,2021,1.0
Amritsar,2022,1.0
Amritsar,2023,1.0
Anantapur,2022,1.0
Anantapur,2023,1.0
Angul,2023,1.0
Ankleshwar,2019,1.0
Ankleshwar,2020,1.0
Ankleshwar,2021,1.0
Ankleshwar,2022,1.0
Ankleshwar,2023,1.0
Araria,2021,1.0
Araria,2022,1.0
Araria,2023,1.0
Ariyalur,2022,1.0
Ariyalur,2023,1.0
Arrah,2021,1.0
Arrah,2022,1.0
Arrah,2023,1.0
Asansol,2018,1.0
Asansol,2019,1.0
Asansol,2020,1.0
Asansol,2021,1.0
Asansol,2022,1.0
Asansol,2023,1.0
Aurangabad,2016,1.0
Aurangabad,2017,1.0
Aurangabad,2018,1.0
Aurangabad,2019,1.0
Aurangabad,2020,1.0
Aurangabad,2021,1.0
Aurangabad,2022,1.0
Aurangabad,2023,1.9215686274509804
Aurangabad (Bihar),2022,1.0
Aurangabad (Bihar),2023,1.0
Baddi,2022,1.0
Baddi,2023,1.0
Badlapur,2023,1.0
Bagalkot,2020,1.0
Bagalkot,2021,1.0
Bagalkot,2022,1.0
Bagalkot,2023,1.0
Baghpat,2018,1.0
Baghpat,2019,1.0
Baghpat,2020,1.0
Baghpat,2021,1.0
Baghpat,2022,1.0
Baghpat,2023,1.0
Bahadurgarh,2019,1.0
Bahadurgarh,2020,1.0
Bahadurgarh,2021,1.0
Bahadurgarh,2022,1.0
Bahadurgarh,2023,1.0
Balasore,2023,1.0
Ballabgarh,2019,1.0
Ballabgarh,2020,1.0
Ballabgarh,2021,1.0
Ballabgarh,2022,1.0
Ballabgarh,2023,1.0
Banswara,2023,1.0
Baran,2023,1.0
Barbil,2023,1.0
Bareilly,2022,1.6403940886699508
Bareilly,2023,1.8428571428571427
Baripada,2022,1.0
Baripada,2023,1.0
Barmer,2023,1.0
Barrackpore,2023,1.0
Bathinda,2018,1.0
Bathinda,2019,1.0
Bathinda,2020,1.0
Bathinda,2021,1.0
Bathinda,2022,1.0
Bathinda,2023,1.0
Begusarai,2022,1.0
Begusarai,2023,1.0
Belapur,2023,1.0
Belgaum,2022,1.0
Belgaum,2023,1.0
Bengaluru,2015,2.6186046511627907
Bengaluru,2016,3.061046511627907
Bengaluru,2017,3.6983240223463687
Bengaluru,2018,5.989041095890411
Bengaluru,2019,8.167123287671233
Bengaluru,2020,8.478142076502733
Bengaluru,2021,8.189041095890412
Bengaluru,2022,7.443835616438356
Bengaluru,2023,10.33972602739726
Bettiah,2021,1.0
Bettiah,2022,1.0
Bettiah,2023,1.0
Bhagalpur,2021,1.794871794871795
Bhagalpur,2022,1.8615819209039548
Bhagalpur,2023,1.9211267605633804
Bharatpur,2023,1.0
Bhilai,2021,1.0
Bhilai,2022,1.0526315789473684
Bhilai,2023,2.4583333333333335
Bhilwara,2023,1.0
Bhiwadi,2017,1.0
Bhiwadi,2018,1.0
Bhiwadi,2019,1.0
Bhiwadi,2020,1.0
Bhiwadi,2021,1.0
Bhiwadi,2022,1.0
Bhiwadi,2023,1.0
Bhiwandi,2023,1.0
Bhiwani,2019,1.0
Bhiwani,2020,1.0
Bhiwani,2021,1.0
Bhiwani,2022,1.0
Bhiwani,2023,1.0
Bhopal,2019,1.0
Bhopal,2020,1.0
Bhopal,2021,1.0
Bhopal,2022,1.2865168539325842
Bhopal,2023,2.741758241758242
Bhubaneswar,2023,1.9661016949152543
Bidar,2021,1.0
Bidar,2022,1.0
Bidar,2023,1.0
Bihar Sharif,2021,1.0
Bihar Sharif,2022,1.0
Bihar Sharif,2023,1.0
Bikaner,2023,1.0
Bilaspur,2021,1.0
Bilaspur,2022,1.0
Bilaspur,2023,1.0
Bileipada,2022,1.0
Bileipada,2023,1.0
Brajrajnagar,2018,1.0
Brajrajnagar,2019,1.0
Brajrajnagar,2020,1.0
Brajrajnagar,2021,1.0
Brajrajnagar,2022,1.0
Brajrajnagar,2023,1.0
Bulandshahr,2018,1.0
Bulandshahr,2019,1.0
Bulandshahr,2020,1.0
Bulandshahr,2021,1.0
Bulandshahr,2022,1.0
Bulandshahr,2023,1.0
Bundi,2023,1.0
Buxar,2021,1.0
Buxar,2022,1.0
Byasanagar,2023,1.0
Byrnihat,2022,1.0
Byrnihat,2023,1.0
Chamarajanagar,2020,1.0
Chamarajanagar,2021,1.0
Chamarajanagar,2022,1.0
Chamarajanagar,2023,1.0
Chandigarh,2019,1.0
Chandigarh,2020,1.0
Chandigarh,2021,1.3895027624309393
Chandigarh,2022,2.7857142857142856
Chandigarh,2023,2.8876712328767122
Chandrapur,2015,1.0
Chandrapur,2016,1.2619047619047619
Chandrapur,2017,1.7409470752089136
Chandrapur,2018,1.6933701657458564
Chandrapur,2019,1.56797583081571
Chandrapur,2020,1.6961325966850829
Chandrapur,2021,1.8457300275482094
Chandrapur,2022,1.6986301369863013
Chandrapur,2023,1.0929577464788733
Charkhi Dadri,2020,1.0
Charkhi Dadri,2021,1.0
Charkhi Dadri,2022,1.0
Charkhi Dadri,2023,1.0
Chengalpattu,2022,1.0
Chengalpattu,2023,1.0
Chennai,2015,2.6635071090047395
Chennai,2016,2.39672131147541
Chennai,2017,2.74792243767313
Chennai,2018,2.4392265193370166
Chennai,2019,2.7527472527472527
Chennai,2020,4.0
Chennai,2021,6.66027397260274
Chennai,2022,7.2904109589041095
Chennai,2023,6.889807162534435
Chhal,2023,1.0
Chhapra,2021,1.0
Chhapra,2022,1.0
Chhapra,2023,1.0
Chikkaballapur,2018,1.0
Chikkaballapur,2019,1.0
Chikkaballapur,2020,1.0
Chikkaballapur,2021,1.0
Chikkaballapur,2022,1.0
Chikkaballapur,2023,1.0
Chikkamagaluru,2020,1.0
Chikkamagaluru,2021,1.0
Chikkamagaluru,2022,1.0
Chikkamagaluru,2023,1.0
Chittoor,2022,1.0
Chittoor,2023,1.0
Chittorgarh,2023,1.0
Churu,2023,1.0
Coimbatore,2019,1.0
Coimbatore,2020,1.0
Coimbatore,2021,1.0
Coimbatore,2022,1.0518518518518518
Coimbatore,2023,1.0
Cuddalore,2023,1.5551020408163265
Cuttack,2023,1.0
Damoh,2019,1.0
Damoh,2020,1.0
Damoh,2021,1.0
Damoh,2022,1.0
Damoh,2023,1.0
Darbhanga,2021,1.0
Darbhanga,2022,1.0
Darbhanga,2023,1.0
Dausa,2023,1.0
Davanagere,2021,1.0
Davanagere,2022,1.0
Davanagere,2023,1.0
Dehradun,2022,1.0
Dehradun,2023,1.0
Delhi,2015,4.653153153153153
Delhi,2016,5.1807909604519775
Delhi,2017,9.59228650137741
Delhi,2018,24.767123287671232
Delhi,2019,32.75068493150685
Delhi,2020,33.068306010928964
Delhi,2021,32.75342465753425
Delhi,2022,33.8027397260274
Delhi,2023,34.97808219178082
Dewas,2017,1.0
Dewas,2018,1.0
Dewas,2019,1.0
Dewas,2020,1.0
Dewas,2021,1.0
Dewas,2022,1.0
Dewas,2023,1.0
Dhanbad,2023,1.0327102803738317
Dharuhera,2019,1.0
Dharuhera,2020,1.0
Dharuhera,2021,1.0
Dharuhera,2022,1.0
Dharuhera,2023,1.0
Dharwad,2022,1.0
Dharwad,2023,1.0
Dholpur,2023,1.0
Dhule,2023,1.0
Dindigul,2022,1.0
Dindigul,2023,1.0
Durgapur,2016,1.0
Durgapur,2017,1.0
Durgapur,2018,1.0
Durgapur,2019,1.0
Durgapur,2020,1.0
Durgapur,2021,1.0
Durgapur,2022,1.0
Durgapur,2023,1.0
Eloor,2019,1.0
Eloor,2020,1.0
Eloor,2021,1.0
Eloor,2022,1.0
Eloor,2023,1.0
Ernakulam,2020,1.0
Ernakulam,2021,1.0
Ernakulam,2022,1.0
Faridabad,2015,1.0
Faridabad,2016,1.0
Faridabad,2017,1.0
Faridabad,2018,1.0
Faridabad,2019,1.0
Faridabad,2020,2.4540389972144845
Faridabad,2021,3.15702479338843
Faridabad,2022,3.087912087912088
Faridabad,2023,3.409340659340659
Fatehabad,2019,1.0
Fatehabad,2020,1.0
Fatehabad,2021,1.0
Fatehabad,2022,1.0
Fatehabad,2023,1.0
Firozabad,2021,1.0
Firozabad,2022,1.5971014492753624
Firozabad,2023,1.8422535211267606
Gadag,2021,1.0
Gadag,2022,1.0
Gadag,2023,1.0
GandhiNagar,2019,1.0
GandhiNagar,2020,1.0
GandhiNagar,2021,2.0233236151603498
GandhiNagar,2022,1.8928571428571428
GandhiNagar,2023,2.608815426997245
Gangtok,2022,1.0
Gangtok,2023,1.0
Gaya,2015,1.0
Gaya,2016,1.0
Gaya,2017,1.0
Gaya,2018,1.0
Gaya,2019,1.0
Gaya,2020,1.3583815028901733
Gaya,2021,1.8698060941828254
Gaya,2022,2.775623268698061
Gaya,2023,2.8547945205479452
Ghaziabad,2017,1.0
Ghaziabad,2018,1.0
Ghaziabad,2019,2.607142857142857
Ghaziabad,2020,3.6420765027322406
Ghaziabad,2021,3.6931506849315068
Ghaziabad,2022,3.758904109589041
Ghaziabad,2023,3.8956043956043955
Gorakhpur,2021,1.0
Gorakhpur,2022,1.0
Gorakhpur,2023,1.0
Greater Noida,2018,1.0
Greater Noida,2019,1.467032967032967
Greater Noida,2020,1.8818681318681318
Greater Noida,2021,1.7747252747252746
Greater Noida,2022,1.878787878787879
Greater Noida,2023,1.9534246575342467
Gummidipoondi,2021,1.0
Gummidipoondi,2022,1.0
Gummidipoondi,2023,1.0
Gurugram,2015,1.0
Gurugram,2016,1.0
Gurugram,2017,1.0
Gurugram,2018,1.021472392638037
Gurugram,2019,1.4670487106017192
Gurugram,2020,3.1420765027322406
Gurugram,2021,3.3095890410958906
Gurugram,2022,3.117808219178082
Gurugram,2023,3.591780821917808
Guwahati,2019,1.0
Guwahati,2020,1.0083333333333333
Guwahati,2021,1.8543956043956045
Guwahati,2022,2.1483516483516483
Guwahati,2023,3.5083333333333333
Gwalior,2020,1.2680722891566265
Gwalior,2021,1.2972222222222223
Gwalior,2022,1.3009118541033435
Gwalior,2023,3.317548746518106
Hajipur,2020,1.0
Hajipur,2021,1.0
Hajipur,2022,1.0
Hajipur,2023,1.0
Haldia,2015,1.0
Haldia,2016,1.0
Haldia,2017,1.0
Haldia,2018,1.0
Haldia,2019,1.0
Haldia,2020,1.0
Haldia,2021,1.0
Haldia,2022,1.0
Haldia,2023,1.0
Hanumangarh,2023,1.0
Hapur,2018,1.0
Hapur,2019,1.0
Hapur,2020,1.0
Hapur,2021,1.0
Hapur,2022,1.0
Hapur,2023,1.0
Hassan,2021,1.0
Hassan,2022,1.0
Hassan,2023,1.0
Haveri,2022,1.0
Haveri,2023,1.0
Hisar,2019,1.0
Hisar,2020,1.0
Hisar,2021,1.0
Hisar,2022,1.0
Hisar,2023,1.0
Hosur,2022,1.0
Hosur,2023,1.0
Howrah,2016,1.0
Howrah,2017,1.0
Howrah,2018,1.648562300319489
Howrah,2019,2.2356164383561645
Howrah,2020,2.530054644808743
Howrah,2021,2.8493150684931505
Howrah,2022,2.7945205479452055
Howrah,2023,2.824657534246575
Hubballi,2018,1.0
Hubballi,2019,1.0
Hubballi,2020,1.0
Hubballi,2021,1.0
Hubballi,2022,1.0579268292682926
Hubballi,2023,1.7960339943342776
Hyderabad,2015,1.371559633027523
Hyderabad,2016,1.8419540229885059
Hyderabad,2017,4.734072022160665
Hyderabad,2018,5.441095890410959
Hyderabad,2019,5.347945205479452
Hyderabad,2020,5.308743169398907
Hyderabad,2021,5.1506849315068495
Hyderabad,2022,9.520547945205479
Hyderabad,2023,11.726027397260275
Imphal,2022,1.7103174603174602
Imphal,2023,1.5555555555555556
Indore,2019,1.0
Indore,2020,1.0
Indore,2021,1.0
Indore,2022,1.0
Indore,2023,1.3053221288515406
Jabalpur,2019,1.0
Jabalpur,2020,1.0
Jabalpur,2021,1.0
Jabalpur,2022,1.0
Jabalpur,2023,1.8679775280898876
Jaipur,2015,1.0
Jaipur,2016,1.0
Jaipur,2017,1.3079710144927537
Jaipur,2018,2.8438356164383563
Jaipur,2019,2.9123287671232876
Jaipur,2020,2.871584699453552
Jaipur,2021,2.578082191780822
Jaipur,2022,2.5945205479452054
Jaipur,2023,4.802739726027397
Jaisalmer,2023,1.0
Jalandhar,2018,1.0
Jalandhar,2019,1.0
Jalandhar,2020,1.0
Jalandhar,2021,1.0
Jalandhar,2022,1.0
Jalandhar,2023,1.0
Jalgaon,2023,1.0
Jalna,2023,1.0
Jalore,2023,1.0
Jhalawar,2023,1.0
Jhansi,2022,1.0
Jhansi,2023,1.0
Jharsuguda,2018,1.0
Jhunjhunu,2023,1.0
Jind,2019,1.0
Jind,2020,1.0
Jind,2021,1.0
Jind,2022,1.0
Jind,2023,1.0
Jodhpur,2015,1.0
Jodhpur,2016,1.0
Jodhpur,2017,1.0
Jodhpur,2018,1.0
Jodhpur,2019,1.0
Jodhpur,2020,1.0
Jodhpur,2021,1.0
Jodhpur,2022,1.0
Jodhpur,2023,3.589041095890411
Jorapokhar,2017,1.0
Jorapokhar,2018,1.0
Jorapokhar,2019,1.0
Jorapokhar,2020,1.0
Jorapokhar,2021,1.0
Jorapokhar,2022,1.0
Jorapokhar,2023,1.0
Kadapa,2023,1.0
Kaithal,2019,1.0
Kaithal,2020,1.0
Kaithal,2021,1.0
Kaithal,2022,1.0
Kaithal,2023,1.0
Kalaburagi,2018,1.0
Kalaburagi,2019,1.0
Kalaburagi,2020,1.0
Kalaburagi,2021,1.0
Kalaburagi,2022,1.0
Kalaburagi,2023,1.3886925795053005
Kalyan,2019,1.0
Kalyan,2020,1.0
Kalyan,2021,1.0
Kalyan,2022,1.0
Kalyan,2023,1.0
Kanchipuram,2022,1.0
Kanchipuram,2023,1.0
Kannur,2020,1.0
Kannur,2021,1.0
Kannur,2022,1.0
Kannur,2023,1.0
Kanpur,2015,1.0
Kanpur,2016,1.0
Kanpur,2017,1.0
Kanpur,2018,1.0
Kanpur,2019,1.0
Kanpur,2020,1.0389972144846797
Kanpur,2021,2.56986301369863
Kanpur,2022,3.241095890410959
Kanpur,2023,3.164383561643836
Karauli,2023,1.0
Karnal,2019,1.0
Karnal,2020,1.0
Karnal,2021,1.0
Karnal,2022,1.0
Karnal,2023,1.0
Karwar,2023,1.0
Kashipur,2023,1.0
Katihar,2021,1.0
Katihar,2022,1.0
Katihar,2023,1.0
Katni,2019,1.0
Katni,2020,1.0
Katni,2021,1.0
Katni,2022,1.0
Katni,2023,1.0
Keonjhar,2022,1.0
Keonjhar,2023,1.0
Khanna,2018,1.0
Khanna,2019,1.0
Khanna,2020,1.0
Khanna,2021,1.0
Khanna,2022,1.0
Khanna,2023,1.0
Khurja,2022,1.0
Khurja,2023,1.0
Kishanganj,2021,1.0
Kishanganj,2022,1.0
Kishanganj,2023,1.0
Kochi,2020,1.0
Kochi,2021,1.0
Kochi,2022,1.0
Kochi,2023,1.0
Kohima,2020,1.0
Kohima,2021,1.0
Kohima,2022,1.0
Kohima,2023,1.0
Kolar,2021,1.0
Kolar,2022,1.0
Kolar,2023,1.0
Kolhapur,2023,1.85
Kolkata,2016,1.267515923566879
Kolkata,2017,1.542857142857143
Kolkata,2018,1.2088353413654618
Kolkata,2019,3.633608815426997
Kolkata,2020,6.1256830601092895
Kolkata,2021,6.405479452054794
Kolkata,2022,6.597260273972603
Kolkata,2023,6.813698630136987
Kollam,2020,1.0
Kollam,2021,1.0
Kollam,2022,1.0
Kollam,2023,1.0
Koppal,2020,1.0
Koppal,2021,1.0
Koppal,2022,1.0
Koppal,2023,1.0
Korba,2022,1.6666666666666667
Korba,2023,1.8403361344537814
Kota,2017,1.0
Kota,2018,1.0
Kota,2019,1.0
Kota,2020,1.0
Kota,2021,1.0
Kota,2022,1.0
Kota,2023,2.769230769230769
Kozhikode,2020,1.0
Kozhikode,2021,1.0
Kozhikode,2022,1.0
Kozhikode,2023,1.0
Kunjemura,2023,1.0
Kurukshetra,2019,1.0
Kurukshetra,2020,1.0
Kurukshetra,2021,1.0
Kurukshetra,2022,1.0
Kurukshetra,2023,1.0
Latur,2023,1.0
Loni_Dehat,2019,1.0
Loni_Ghaziabad,2019,1.0
Lucknow,2015,2.4507772020725387
Lucknow,2016,2.466887417218543
Lucknow,2017,2.7346368715083798
Lucknow,2018,3.73972602739726
Lucknow,2019,3.706849315068493
Lucknow,2020,3.8333333333333335
Lucknow,2021,4.873972602739726
Lucknow,2022,5.8191780821917805
Lucknow,2023,5.832876712328767
Ludhiana,2017,1.0
Ludhiana,2018,1.0
Ludhiana,2019,1.0
Ludhiana,2020,1.0
Ludhiana,2021,1.0
Ludhiana,2022,1.0
Ludhiana,2023,1.0
Madikeri,2021,1.0
Madikeri,2022,1.0
Madikeri,2023,1.0
Mahad,2023,1.0
Maihar,2019,1.0
Maihar,2020,1.0
Maihar,2021,1.0
Maihar,2022,1.0
Maihar,2023,1.0
Mandi Gobindgarh,2017,1.0
Mandi Gobindgarh,2018,1.0
Mandi Gobindgarh,2019,1.0
Mandi Gobindgarh,2020,1.0
Mandi Gobindgarh,2021,1.0
Mandi Gobindgarh,2022,1.0
Mandi Gobindgarh,2023,1.0
Mandideep,2018,1.0
Mandideep,2019,1.0
Mandideep,2020,1.0
Mandideep,2021,1.0
Mandideep,2022,1.0
Mandideep,2023,1.0
Mandikhera,2019,1.0
Mandikhera,2020,1.0
Mandikhera,2021,1.0
Mandikhera,2022,1.0
Mandikhera,2023,1.0
Manesar,2018,1.0
Manesar,2019,1.0
Manesar,2020,1.0
Manesar,2021,1.0
Manesar,2022,1.0
Manesar,2023,1.0
Mangalore,2021,1.0
Mangalore,2022,1.0
Mangalore,2023,1.0
Manguraha,2022,1.0
Manguraha,2023,1.0
Medikeri,2020,1.0
Medikeri,2021,1.0
Meerut,2019,2.46875
Meerut,2020,2.327823691460055
Meerut,2021,2.495890410958904
Meerut,2022,2.8264462809917354
Meerut,2023,2.8236914600550964
Milupara,2023,1.0
Moradabad,2017,1.0
Moradabad,2018,1.0
Moradabad,2019,1.0
Moradabad,2020,1.0
Moradabad,2021,1.2019867549668874
Moradabad,2022,4.706849315068493
Moradabad,2023,5.802739726027397
Motihari,2021,1.0
Motihari,2022,1.0
Motihari,2023,1.0
Mumbai,2015,1.0
Mumbai,2016,1.0
Mumbai,2017,1.0
Mumbai,2018,1.0
Mumbai,2019,5.2292817679558015
Mumbai,2020,9.131147540983607
Mumbai,2021,17.813698630136987
Mumbai,2022,15.934246575342465
Mumbai,2023,19.494505494505493
Munger,2021,1.0
Munger,2022,1.0
Munger,2023,1.0
Muzaffarnagar,2018,1.0
Muzaffarnagar,2019,1.0
Muzaffarnagar,2020,1.0
Muzaffarnagar,2021,1.0
Muzaffarnagar,2022,1.0
Muzaffarnagar,2023,1.0
Muzaffarpur,2015,1.0
Muzaffarpur,2016,1.0
Muzaffarpur,2017,1.0
Muzaffarpur,2018,1.0
Muzaffarpur,2019,1.0
Muzaffarpur,2020,1.335243553008596
Muzaffarpur,2021,1.847457627118644
Muzaffarpur,2022,2.556786703601108
Muzaffarpur,2023,2.819178082191781
Mysuru,2019,1.0
Mysuru,2020,1.0
Mysuru,2021,1.0
Mysuru,2022,1.0
Mysuru,2023,1.0
Nagaon,2023,1.0
Nagaur,2023,1.0
Nagpur,2016,1.0
Nagpur,2017,1.0
Nagpur,2018,1.0
Nagpur,2019,1.0
Nagpur,2020,1.0
Nagpur,2021,1.0
Nagpur,2022,1.0
Nagpur,2023,2.591160220994475
Naharlagun,2021,1.0
Naharlagun,2022,1.0
Naharlagun,2023,1.0
Nalbari,2022,1.0
Nalbari,2023,1.0
Nanded,2023,1.0
Nandesari,2020,1.0
Nandesari,2021,1.0
Nandesari,2022,1.0
Nandesari,2023,1.0
Narnaul,2019,1.0
Narnaul,2020,1.0
Narnaul,2021,1.0
Narnaul,2022,1.0
Narnaul,2023,1.0
Nashik,2016,1.0
Nashik,2017,1.0
Nashik,2018,1.0
Nashik,2019,1.0
Nashik,2020,1.0
Nashik,2021,1.0
Nashik,2022,1.0
Nashik,2023,2.566860465116279
Navi Mumbai,2015,1.0
Navi Mumbai,2016,1.0
Navi Mumbai,2017,1.0
Navi Mumbai,2018,1.0
Navi Mumbai,2019,1.9111747851002865
Navi Mumbai,2020,1.9181286549707601
Navi Mumbai,2021,2.5350140056022408
Navi Mumbai,2022,2.4138888888888888
Navi Mumbai,2023,4.18732782369146
Nayagarh,2022,1.0
Nayagarh,2023,1.0
Noida,2017,1.3590909090909091
Noida,2018,1.7541436464088398
Noida,2019,2.789041095890411
Noida,2020,3.5628415300546448
Noida,2021,3.337912087912088
Noida,2022,3.6575342465753424
Noida,2023,3.8049450549450547
Ooty,2022,1.0
Ooty,2023,1.0
Pali,2017,1.0
Pali,2018,1.0
Pali,2019,1.0
Pali,2020,1.0
Pali,2021,1.0
Pali,2022,1.0
Pali,2023,1.0
Palkalaiperur,2023,1.0
Palwal,2019,1.0
Palwal,2020,1.0
Palwal,2021,1.0
Palwal,2022,1.0
Palwal,2023,1.0
Panchkula,2015,1.0
Panchkula,2016,1.0
Panchkula,2017,1.0
Panchkula,2018,1.0
Panchkula,2019,1.0
Panchkula,2020,1.0
Panchkula,2021,1.0
Panchkula,2022,1.0
Panchkula,2023,1.0
Panipat,2019,1.0
Panipat,2020,1.0
Panipat,2021,1.0
Panipat,2022,1.0
Panipat,2023,1.0
Parbhani,2023,1.0
Patiala,2018,1.0
Patiala,2019,1.0
Patiala,2020,1.0
Patiala,2021,1.0
Patiala,2022,1.0
Patiala,2023,1.0
Patna,2015,1.0
Patna,2016,1.0
Patna,2017,1.0
Patna,2018,1.0
Patna,2019,1.0553846153846154
Patna,2020,4.674863387978142
Patna,2021,5.010989010989011
Patna,2022,5.698630136986301
Patna,2023,5.791780821917809
Pimpri Chinchwad,2023,2.5240963855421685
Pithampur,2017,1.0
Pithampur,2018,1.0
Pithampur,2019,1.0
Pithampur,2020,1.0
Pithampur,2021,1.0
Pithampur,2022,1.0
Pithampur,2023,1.0
Pratapgarh,2023,1.0
Prayagraj,2021,2.588516746411483
Prayagraj,2022,2.730769230769231
Prayagraj,2023,2.931129476584022
Puducherry,2021,1.0
Puducherry,2022,1.0
Puducherry,2023,1.0
Pune,2015,1.0
Pune,2016,1.0
Pune,2017,1.0
Pune,2018,1.0
Pune,2019,1.0
Pune,2020,1.3690851735015772
Pune,2021,4.964383561643835
Pune,2022,3.9863636363636363
Pune,2023,4.997109826589595
Purnia,2021,1.0
Purnia,2022,1.0
Purnia,2023,1.0
Raichur,2020,1.0
Raichur,2021,1.0
Raichur,2022,1.0
Raichur,2023,1.0
Raipur,2022,3.0
Raipur,2023,3.683333333333333
Rairangpur,2022,1.0
Rairangpur,2023,1.0
Rajamahendravaram,2017,1.0
Rajamahendravaram,2018,1.0
Rajamahendravaram,2019,1.0
Rajamahendravaram,2020,1.0
Rajamahendravaram,2021,1.0
Rajamahendravaram,2022,1.0
Rajamahendravaram,2023,1.0
Rajgir,2021,1.0
Rajgir,2022,1.0
Rajgir,2023,1.0
Rajsamand,2023,1.0
Ramanagara,2019,1.0
Ramanagara,2020,1.0
Ramanagara,2021,1.0
Ramanagara,2022,1.0
Ramanagara,2023,1.0
Ramanathapuram,2022,1.0
Ramanathapuram,2023,1.0
Ratlam,2019,1.0
Ratlam,2020,1.0
Ratlam,2021,1.0
Ratlam,2022,1.0
Ratlam,2023,1.0
Rishikesh,2023,1.0
Rohtak,2016,1.0
Rohtak,2017,1.0
Rohtak,2018,1.0
Rohtak,2019,1.0
Rohtak,2020,1.0
Rohtak,2021,1.0
Rohtak,2022,1.0
Rohtak,2023,1.0
Rourkela,2022,1.0
Rourkela,2023,2.282122905027933
Rupnagar,2018,1.0
Rupnagar,2019,1.0
Rupnagar,2020,1.0
Rupnagar,2021,1.0
Rupnagar,2022,1.0
Rupnagar,2023,1.0
Sagar,2020,1.0
Sagar,2021,1.0
Sagar,2022,1.1901639344262296
Sagar,2023,1.4357541899441342
Saharsa,2021,1.0
Saharsa,2022,1.0
Saharsa,2023,1.0
Salem,2022,1.0
Salem,2023,1.0
Samastipur,2022,1.0
Samastipur,2023,1.0
Sangli,2023,1.0
Sasaram,2021,1.0
Sasaram,2022,1.0
Sasaram,2023,1.0
Satna,2018,1.0
Satna,2019,1.0
Satna,2020,1.0
Satna,2021,1.0
Satna,2022,1.0
Satna,2023,1.0
Sawai Madhopur,2023,1.0
Shillong,2019,1.0
Shillong,2020,1.0
Shillong,2021,1.0
Shillong,2022,1.2952380952380953
Shillong,2023,1.3276353276353277
Shivamogga,2020,1.0
Shivamogga,2021,1.0
Shivamogga,2022,1.0
Shivamogga,2023,1.0
Sikar,2023,1.0
Silchar,2023,1.0
Siliguri,2018,1.0
Siliguri,2019,1.0
Siliguri,2020,1.0
Siliguri,2021,1.0
Siliguri,2022,1.0
Siliguri,2023,1.0
Singrauli,2017,1.0
Singrauli,2018,1.0
Singrauli,2019,1.0
Singrauli,2020,1.0
Singrauli,2021,1.0
Singrauli,2022,1.0
Singrauli,2023,1.0
Sirohi,2023,1.0
Sirsa,2019,1.0
Sirsa,2020,1.0
Sirsa,2021,1.0
Sirsa,2022,1.0
Sirsa,2023,1.0
Sivasagar,2022,1.0
Sivasagar,2023,1.0
Siwan,2021,1.0
Siwan,2022,1.0
Siwan,2023,1.0
Solapur,2016,1.0
Solapur,2017,1.0
Solapur,2018,1.0
Solapur,2019,1.0
Solapur,2020,1.0
Solapur,2021,1.0
Solapur,2022,1.0
Solapur,2023,2.2005813953488373
Sonipat,2019,1.0
Sonipat,2020,1.0
Sonipat,2021,1.0
Sonipat,2022,1.0
Sonipat,2023,1.0
Sri Ganganagar,2023,1.0
Srinagar,2021,1.0
Srinagar,2022,1.0
Srinagar,2023,1.0
Suakati,2022,1.0
Suakati,2023,1.0
Surat,2022,1.0
Surat,2023,1.0
Talcher,2018,1.0
Talcher,2019,1.0
Talcher,2020,1.0
Talcher,2021,1.0
Talcher,2022,1.0
Talcher,2023,1.0
Tensa,2022,1.0
Tensa,2023,1.0
Thane,2016,1.0
Thane,2017,1.0
Thane,2018,1.0
Thane,2019,1.0
Thane,2020,1.0
Thane,2021,1.0
Thane,2022,1.0
Thane,2023,1.6385964912280702
Thiruvananthapuram,2017,1.0
Thiruvananthapuram,2018,1.0
Thiruvananthapuram,2019,1.0
Thiruvananthapuram,2020,1.6181318681318682
Thiruvananthapuram,2021,1.8176795580110496
Thiruvananthapuram,2022,1.7458563535911602
Thiruvananthapuram,2023,1.8033240997229918
Thoothukudi,2020,1.0
Thoothukudi,2021,1.0
Thoothukudi,2022,1.0
Thoothukudi,2023,1.0
Thrissur,2020,1.0
Thrissur,2021,1.0
Thrissur,2022,1.0
Thrissur,2023,1.0
Tiruchirappalli,2023,1.0
Tirupati,2016,1.0
Tirupati,2017,1.0
Tirupati,2018,1.0
Tirupati,2019,1.0
Tirupati,2020,1.0
Tirupati,2021,1.0
Tirupati,2022,1.1124620060790273
Tirupati,2023,1.7443181818181819
Tirupur,2022,1.0
Tirupur,2023,1.0
Tonk,2023,1.0
Tumakuru,2023,1.0
Tumidih,2023,1.0
Udaipur,2017,1.0
Udaipur,2018,1.0
Udaipur,2019,1.0
Udaipur,2020,1.0
Udaipur,2021,1.0
Udaipur,2022,1.0
Udaipur,2023,1.0
Udupi,2021,1.0
Udupi,2022,1.0
Udupi,2023,1.0
Ujjain,2017,1.0
Ujjain,2018,1.0
Ujjain,2019,1.0
Ujjain,2020,1.0
Ujjain,2021,1.0
Ujjain,2022,1.0
Ujjain,2023,1.0
Ulhasnagar,2023,1.0
Vapi,2019,1.0
Vapi,2020,1.0
Vapi,2021,1.0
Vapi,2022,1.0
Vapi,2023,1.0
Varanasi,2015,1.0
Varanasi,2016,1.0
Varanasi,2017,1.0
Varanasi,2018,1.0
Varanasi,2019,1.0
Varanasi,2020,1.0
Varanasi,2021,2.4608938547486034
Varanasi,2022,3.76986301369863
Varanasi,2023,3.8904109589041096
Vatva,2019,1.0
Vatva,2020,1.0
Vatva,2021,1.0
Vatva,2022,1.0
Vatva,2023,1.0
Vellore,2022,1.0
Vellore,2023,1.0
Vijayapura,2020,1.0
Vijayapura,2021,1.0
Vijayapura,2022,1.0
Vijayapura,2023,1.0
Vijayawada,2017,1.0
Vijayawada,2018,1.0
Vijayawada,2019,1.0
Vijayawada,2023,1.7298387096774193
Visakhapatnam,2016,1.0
Visakhapatnam,2017,1.477142857142857
Visakhapatnam,2018,1.0
Visakhapatnam,2019,1.0
Visakhapatnam,2020,1.0
Visakhapatnam,2021,1.0
Visakhapatnam,2022,1.0
Visakhapatnam,2023,1.0
Vrindavan,2021,1.0
Vrindavan,2022,1.0
Vrindavan,2023,1.0
Yadgir,2019,1.0
Yadgir,2020,1.0
Yadgir,2021,1.0
Yadgir,2022,1.0
Yadgir,2023,1.0
Yamunanagar,2019,1.0
Yamunanagar,2020,1.0
Yamunanagar,2021,1.0
Yamunanagar,2022,1.0
Yamunanagar,2023,1.0
